name,Group,brand,price,source,url,search_keyword,goods_no,img,original_price,platform,shop
[단독기획] 헤라 블랙쿠션 (+리필+쿠션블러셔+립펜슬 듀오),A,헤라,66600,OliveYoung,https://www.oliveyoung.co.kr/store/goods/getGoodsDetail.do?goodsNo=A000000202777&dispCatNo=1000001000200060002&trackingCd=Result_1,헤라 블랙쿠션,A000000202777,,,,
헤라 블랙 쿠션 파운데이션 리필 15g ,B,헤라,34200,OliveYoung,https://www.oliveyoung.co.kr/store/goods/getGoodsDetail.do?goodsNo=A000000202780&dispCatNo=1000001000200060002&trackingCd=Result_1,헤라 블랙쿠션,A000000202780,,,,
헤라 블랙 쿠션 파운데이션 퍼프 2종,C,헤라,7200,OliveYoung,https://www.oliveyoung.co.kr/store/goods/getGoodsDetail.do?goodsNo=A000000203668&dispCatNo=1000001000200060002&trackingCd=Result_1,헤라 블랙쿠션,A000000203668,,,,
[각인/선물패키지] 헤라 블랙 쿠션 파운데이션,D,헤라,66600,OliveYoung,https://www.oliveyoung.co.kr/store/goods/getGoodsDetail.do?goodsNo=B000000234130&dispCatNo=1000001000200060002&trackingCd=Result_1,헤라 블랙쿠션,B000000234130,,,,
헤라 블랙 톤업 선쿠션 15g,E,헤라,46800,OliveYoung,https://www.oliveyoung.co.kr/store/goods/getGoodsDetail.do?goodsNo=A000000211008&dispCatNo=1000001000200060002&trackingCd=Result_1,헤라 블랙쿠션,A000000211008,,,,
블랙 쿠션 파운데이션 리필 15g 택 1,B,아모레퍼시픽,33060,Ably,https://m.a-bly.com/goods/2354773?list_id=AblyListId.SEARCH_GOODS_RECOMMEND&ad=%7B%22list_id%22%3A%20%22search_recommend%22%2C%20%22campaign_id%22%3A%20%22189160%22%2C%20%22parameters%22%3A%20%22%7B%5C%22generated_at%5C%22%3A%20%5C%222025-11-16%2016%3A53%3A04%5C%22%2C%20%5C%22market_sno%5C%22%3A%2016757%2C%20%5C%22ad_market_sno%5C%22%3A%2010028%2C%20%5C%22search_keyword%5C%22%3A%20%5C%22%5C%5Cud5e4%5C%5Cub77c%20%5C%5Cube14%5C%5Cub799%5C%5Cucfe0%5C%5Cuc158%5C%22%2C%20%5C%22ei%5C%22%3A%20%5C%22SLSyfTcjXkWM0g%2Bq%2B9vXEUqS0kKpK%2Bj92qCGA0h0SdxSiR%2FHQSWwsMDGjoz%2FCA7TFQyxULM%2B7UzHROPBkUZAougeUjkEqbK9SRYgk9t21pdIOKzONTegH6zW16SfjiNEDxiW7funhloLbhsQZERU%2FHAxolcWYBRXtd5QIlOElBS6QOjlGlNdJpGsw87V4y5zXOBRPcLHQj%2BzLkWw8U0F6qdV1mgi86I%2FNy4Mwlt6Feztwi22pvjWBOU%2BfokAR1FsnVZk%2BC%2B52JspNo3NzkZZVD8azk2hFpqzG7kX%2FrHXtVM%3D%5C%22%2C%20%5C%22list_index%5C%22%3A%200%7D%22%2C%20%22goods_sno%22%3A%202354773%7D&logging_analytics=%7B%22FROM%22%3A%20%22SEARCH_RESULT%22%2C%20%22SEARCH_KEYWORD%22%3A%20%22%5Cud5e4%5Cub77c%20%5Cube14%5Cub799%5Cucfe0%5Cuc158%22%7D&first_page_rendering=%7B%22goods_name%22%3A%20%22%5Cube14%5Cub799%20%5Cucfe0%5Cuc158%20%5Cud30c%5Cuc6b4%5Cub370%5Cuc774%5Cuc158%20%5Cub9ac%5Cud544%2015g%20%5Cud0dd%201%22%2C%20%22market_name%22%3A%20%22%5Cud5e4%5Cub77c%22%2C%20%22cover_image%22%3A%20%22https%3A%2F%2Fd3ha2047wt6x28.cloudfront.net%2FRHfrvxsyIEg%2Fpr%3AGOODS_DETAIL%2FczM6Ly9hYmx5LWltYWdlLWxlZ2FjeS9kYXRhL2dvb2RzLzIwMjEwNTE4XzE2MjEzMTE4NzUyNzk4MTdtLmpwZw%22%2C%20%22market_image%22%3A%20null%2C%20%22discount_rate%22%3A%2013%2C%20%22original_price%22%3A%2038000%2C%20%22price%22%3A%2033060%7D,헤라 블랙쿠션,,,,Ably,
🥇8년연속 1위🥇블랙 쿠션 파운데이션 듀오 SPF34/PA++ 15gx2 (본품15g+리필15g),F,아모레퍼시픽,62160,Ably,https://m.a-bly.com/goods/2345247?list_id=AblyListId.SEARCH_GOODS_RECOMMEND&ad=%7B%22list_id%22%3A%20%22search_recommend%22%2C%20%22campaign_id%22%3A%20%22189160%22%2C%20%22parameters%22%3A%20%22%7B%5C%22generated_at%5C%22%3A%20%5C%222025-11-16%2016%3A53%3A04%5C%22%2C%20%5C%22market_sno%5C%22%3A%2016757%2C%20%5C%22ad_market_sno%5C%22%3A%2010028%2C%20%5C%22search_keyword%5C%22%3A%20%5C%22%5C%5Cud5e4%5C%5Cub77c%20%5C%5Cube14%5C%5Cub799%5C%5Cucfe0%5C%5Cuc158%5C%22%2C%20%5C%22ei%5C%22%3A%20%5C%22pMkbUISRLoWdvcg0wVEAj8HrJ1xFiAMekwXomMISFFBf06Whkr6bStXXmgYDinyjKezHK69Ml1AKkFvL7QyefugeUjkEqbK9SRYgk9t21pdIOKzONTegH6zW16SfjiNEDxiW7funhloLbhsQZERU%2FHAxolcWYBRXtd5QIlOElBS6QOjlGlNdJpGsw87V4y5zXOBRPcLHQj%2BzLkWw8U0F6qdV1mgi86I%2FNy4Mwlt6Feztwi22pvjWBOU%2BfokAR1FsnVZk%2BC%2B52JspNo3NzkZZVD8azk2hFpqzG7kX%2FrHXtVM%3D%5C%22%2C%20%5C%22list_index%5C%22%3A%201%7D%22%2C%20%22goods_sno%22%3A%202345247%7D&logging_analytics=%7B%22FROM%22%3A%20%22SEARCH_RESULT%22%2C%20%22SEARCH_KEYWORD%22%3A%20%22%5Cud5e4%5Cub77c%20%5Cube14%5Cub799%5Cucfe0%5Cuc158%22%7D&first_page_rendering=%7B%22goods_name%22%3A%20%22%5Cud83e%5Cudd478%5Cub144%5Cuc5f0%5Cuc18d%201%5Cuc704%5Cud83e%5Cudd47%5Cube14%5Cub799%20%5Cucfe0%5Cuc158%20%5Cud30c%5Cuc6b4%5Cub370%5Cuc774%5Cuc158%20%5Cub4c0%5Cuc624%20SPF34%2FPA%2B%2B%2015gx2%20%28%5Cubcf8%5Cud48815g%2B%5Cub9ac%5Cud54415g%29%22%2C%20%22market_name%22%3A%20%22%5Cud5e4%5Cub77c%22%2C%20%22cover_image%22%3A%20%22https%3A%2F%2Fd3ha2047wt6x28.cloudfront.net%2FfDbHNo1qUh4%2Fpr%3AGOODS_DETAIL%2FczM6Ly9hYmx5LWltYWdlLWxlZ2FjeS9kYXRhL2dvb2RzLzIwMjUxMDI4XzE3NjE2MTQ5MzM2MzY0ODBtLmpwZw%22%2C%20%22market_image%22%3A%20null%2C%20%22discount_rate%22%3A%2016%2C%20%22original_price%22%3A%2074000%2C%20%22price%22%3A%2062160%7D,헤라 블랙쿠션,,,,Ably,
블랙 쿠션 파운데이션 00PI호 15g,E,아모레퍼시픽,44200,Ably,https://m.a-bly.com/goods/26802477?list_id=AblyListId.SEARCH_GOODS_RECOMMEND&ad=%7B%22list_id%22%3A%20%22search_recommend%22%2C%20%22campaign_id%22%3A%20%22189160%22%2C%20%22parameters%22%3A%20%22%7B%5C%22generated_at%5C%22%3A%20%5C%222025-11-16%2016%3A53%3A04%5C%22%2C%20%5C%22market_sno%5C%22%3A%2016757%2C%20%5C%22ad_market_sno%5C%22%3A%2010028%2C%20%5C%22search_keyword%5C%22%3A%20%5C%22%5C%5Cud5e4%5C%5Cub77c%20%5C%5Cube14%5C%5Cub799%5C%5Cucfe0%5C%5Cuc158%5C%22%2C%20%5C%22ei%5C%22%3A%20%5C%224P0WuH8JMDSMNfAsRA74G0OCXznKNdPHxFTBOlPa3DMsWUT31bn9RSTh1zfhTRUVoNtS2wWQ22Rd4MyoXdL%2B%2F0B33xeZE91rQYMX6QdR87lnIaBUSSSjs8tBcbxp9EFz9NKZfkjcpozEAI5BmDV0b%2BadnO5wPViv9%2F1r3ZKl2Oc9jL%2F0rm5AUvEwO%2F8ib%2BHyQ2ZE0nOO6sWMhszVvAa7bPaJdLo45164cos1qiiJrvEplq4Jzt7KunwfEnn%2BoZiTwzIdcshcFpLhzP8pbYHJ5DwNmi0VGtkr5E432sPf48E%3D%5C%22%2C%20%5C%22list_index%5C%22%3A%202%7D%22%2C%20%22goods_sno%22%3A%2026802477%7D&logging_analytics=%7B%22FROM%22%3A%20%22SEARCH_RESULT%22%2C%20%22SEARCH_KEYWORD%22%3A%20%22%5Cud5e4%5Cub77c%20%5Cube14%5Cub799%5Cucfe0%5Cuc158%22%7D&first_page_rendering=%7B%22goods_name%22%3A%20%22%5Cube14%5Cub799%20%5Cucfe0%5Cuc158%20%5Cud30c%5Cuc6b4%5Cub370%5Cuc774%5Cuc158%2000PI%5Cud638%2015g%22%2C%20%22market_name%22%3A%20%22%5Cud5e4%5Cub77c%22%2C%20%22cover_image%22%3A%20%22https%3A%2F%2Fd3ha2047wt6x28.cloudfront.net%2F3q_ej0EAfug%2Fpr%3AGOODS_DETAIL%2FczM6Ly9hYmx5LWltYWdlLWxlZ2FjeS9kYXRhL2dvb2RzLzIwMjUwOTA5XzE3NTczOTMxMDM0OTEyMjdtLmpwZw%22%2C%20%22market_image%22%3A%20null%2C%20%22discount_rate%22%3A%2015%2C%20%22original_price%22%3A%2052000%2C%20%22price%22%3A%2044200%7D,헤라 블랙쿠션,,,,Ably,
블랙 쿠션 파운데이션 리필 15g 2개,L,아모레퍼시픽,63080,Ably,https://m.a-bly.com/goods/42800113?list_id=AblyListId.SEARCH_GOODS_RECOMMEND&logging_analytics=%7B%22FROM%22%3A%20%22SEARCH_RESULT%22%2C%20%22SEARCH_KEYWORD%22%3A%20%22%5Cud5e4%5Cub77c%20%5Cube14%5Cub799%5Cucfe0%5Cuc158%22%7D&first_page_rendering=%7B%22goods_name%22%3A%20%22%5Cube14%5Cub799%20%5Cucfe0%5Cuc158%20%5Cud30c%5Cuc6b4%5Cub370%5Cuc774%5Cuc158%20%5Cub9ac%5Cud544%2015g%202%5Cuac1c%22%2C%20%22market_name%22%3A%20%22%5Cud5e4%5Cub77c%22%2C%20%22cover_image%22%3A%20%22https%3A%2F%2Fd3ha2047wt6x28.cloudfront.net%2FYwZkkm6Y6pw%2Fpr%3AGOODS_DETAIL%2FczM6Ly9hYmx5LWltYWdlLWxlZ2FjeS9kYXRhL2dvb2RzLzIwMjUxMTEyXzE3NjI5MTM0NjYxODMxMzdtLmpwZw%22%2C%20%22market_image%22%3A%20null%2C%20%22discount_rate%22%3A%2017%2C%20%22original_price%22%3A%2076000%2C%20%22price%22%3A%2063080%7D,헤라 블랙쿠션,,,,Ably,
리플렉션 스킨 글로우 쿠션 파운데이션 15g,G,아모레퍼시픽,51000,Ably,https://m.a-bly.com/goods/37588820?list_id=AblyListId.SEARCH_GOODS_RECOMMEND&logging_analytics=%7B%22FROM%22%3A%20%22SEARCH_RESULT%22%2C%20%22SEARCH_KEYWORD%22%3A%20%22%5Cud5e4%5Cub77c%20%5Cube14%5Cub799%5Cucfe0%5Cuc158%22%7D&first_page_rendering=%7B%22goods_name%22%3A%20%22%5Cub9ac%5Cud50c%5Cub809%5Cuc158%20%5Cuc2a4%5Cud0a8%20%5Cuae00%5Cub85c%5Cuc6b0%20%5Cucfe0%5Cuc158%20%5Cud30c%5Cuc6b4%5Cub370%5Cuc774%5Cuc158%2015g%22%2C%20%22market_name%22%3A%20%22%5Cud5e4%5Cub77c%22%2C%20%22cover_image%22%3A%20%22https%3A%2F%2Fd3ha2047wt6x28.cloudfront.net%2FqHYamrbcNNs%2Fpr%3AGOODS_DETAIL%2FczM6Ly9hYmx5LWltYWdlLWxlZ2FjeS9kYXRhL2dvb2RzLzIwMjUxMDI4XzE3NjE2MTUwMjYxNDQ0MzZtLmpwZw%22%2C%20%22market_image%22%3A%20null%2C%20%22discount_rate%22%3A%2015%2C%20%22original_price%22%3A%2060000%2C%20%22price%22%3A%2051000%7D,헤라 블랙쿠션,,,,Ably,
리플렉션 스킨 글로우 쿠션 파운데이션 리필 15g,H,아모레퍼시픽,37840,Ably,https://m.a-bly.com/goods/37600983?list_id=AblyListId.SEARCH_GOODS_RECOMMEND&logging_analytics=%7B%22FROM%22%3A%20%22SEARCH_RESULT%22%2C%20%22SEARCH_KEYWORD%22%3A%20%22%5Cud5e4%5Cub77c%20%5Cube14%5Cub799%5Cucfe0%5Cuc158%22%7D&first_page_rendering=%7B%22goods_name%22%3A%20%22%5Cub9ac%5Cud50c%5Cub809%5Cuc158%20%5Cuc2a4%5Cud0a8%20%5Cuae00%5Cub85c%5Cuc6b0%20%5Cucfe0%5Cuc158%20%5Cud30c%5Cuc6b4%5Cub370%5Cuc774%5Cuc158%20%5Cub9ac%5Cud544%2015g%22%2C%20%22market_name%22%3A%20%22%5Cud5e4%5Cub77c%22%2C%20%22cover_image%22%3A%20%22https%3A%2F%2Fd3ha2047wt6x28.cloudfront.net%2FrfEnB0bzSl4%2Fpr%3AGOODS_DETAIL%2FczM6Ly9hYmx5LWltYWdlLWxlZ2FjeS9kYXRhL2dvb2RzLzIwMjUxMTEyXzE3NjI5MTM5MjUxODkzMjBtLmpwZw%22%2C%20%22market_image%22%3A%20null%2C%20%22discount_rate%22%3A%2014%2C%20%22original_price%22%3A%2044000%2C%20%22price%22%3A%2037840%7D,헤라 블랙쿠션,,,,Ably,
리쥬브네이트 앰플 크림,I,아모레퍼시픽,83160,Ably,https://m.a-bly.com/goods/29830561?list_id=AblyListId.SEARCH_GOODS_RECOMMEND&logging_analytics=%7B%22FROM%22%3A%20%22SEARCH_RESULT%22%2C%20%22SEARCH_KEYWORD%22%3A%20%22%5Cud5e4%5Cub77c%20%5Cube14%5Cub799%5Cucfe0%5Cuc158%22%7D&first_page_rendering=%7B%22goods_name%22%3A%20%22%5Cub9ac%5Cuc96c%5Cube0c%5Cub124%5Cuc774%5Cud2b8%20%5Cuc570%5Cud50c%20%5Cud06c%5Cub9bc%22%2C%20%22market_name%22%3A%20%22%5Cud5e4%5Cub77c%22%2C%20%22cover_image%22%3A%20%22https%3A%2F%2Fd3ha2047wt6x28.cloudfront.net%2FoH2ZyiqaIDw%2Fpr%3AGOODS_DETAIL%2FczM6Ly9hYmx5LWltYWdlLWxlZ2FjeS9kYXRhL2dvb2RzLzIwMjQxMjMwXzE3MzU1MTkwNzc2Nzc5NDBtLmpwZw%22%2C%20%22market_image%22%3A%20null%2C%20%22discount_rate%22%3A%2023%2C%20%22original_price%22%3A%20108000%2C%20%22price%22%3A%2083160%7D,헤라 블랙쿠션,,,,Ably,
[인기/강력추천] 헤라 컬러 리본 쿠션 스틸레토 뮬 단화 플랫슈즈,J,슈에뜨,29800,Ably,https://m.a-bly.com/goods/3866320?list_id=AblyListId.SEARCH_GOODS_RECOMMEND&logging_analytics=%7B%22FROM%22%3A%20%22SEARCH_RESULT%22%2C%20%22SEARCH_KEYWORD%22%3A%20%22%5Cud5e4%5Cub77c%20%5Cube14%5Cub799%5Cucfe0%5Cuc158%22%7D&first_page_rendering=%7B%22goods_name%22%3A%20%22%5B%5Cuc778%5Cuae30%2F%5Cuac15%5Cub825%5Cucd94%5Cucc9c%5D%20%5Cud5e4%5Cub77c%20%5Cuceec%5Cub7ec%20%5Cub9ac%5Cubcf8%20%5Cucfe0%5Cuc158%20%5Cuc2a4%5Cud2f8%5Cub808%5Cud1a0%20%5Cubbac%20%5Cub2e8%5Cud654%20%5Cud50c%5Cub7ab%5Cuc288%5Cuc988%22%2C%20%22market_name%22%3A%20%22%5Cuc288%5Cuc5d0%5Cub728%22%2C%20%22cover_image%22%3A%20%22https%3A%2F%2Fd3ha2047wt6x28.cloudfront.net%2Fr5irtMxlkIk%2Fpr%3AGOODS_DETAIL%2FczM6Ly9hYmx5LWltYWdlLWxlZ2FjeS9kYXRhL2dvb2RzLzIwMjIwMzIxXzE2NDc4NTQwODYyOTE0NjZtLmpwZw%22%2C%20%22market_image%22%3A%20null%2C%20%22discount_rate%22%3A%200%2C%20%22original_price%22%3A%2029800%2C%20%22price%22%3A%2029800%7D,헤라 블랙쿠션,,,,Ably,
헤라 에나멜 유광 H 버클 벨트 여성 쿠션 로퍼 2cm,K,밀로바니,39800,Ably,https://m.a-bly.com/goods/14866212?list_id=AblyListId.SEARCH_GOODS_RECOMMEND&logging_analytics=%7B%22FROM%22%3A%20%22SEARCH_RESULT%22%2C%20%22SEARCH_KEYWORD%22%3A%20%22%5Cud5e4%5Cub77c%20%5Cube14%5Cub799%5Cucfe0%5Cuc158%22%7D&first_page_rendering=%7B%22goods_name%22%3A%20%22%5Cud5e4%5Cub77c%20%5Cuc5d0%5Cub098%5Cuba5c%20%5Cuc720%5Cuad11%20H%20%5Cubc84%5Cud074%20%5Cubca8%5Cud2b8%20%5Cuc5ec%5Cuc131%20%5Cucfe0%5Cuc158%20%5Cub85c%5Cud37c%202cm%22%2C%20%22market_name%22%3A%20%22%5Cubc00%5Cub85c%5Cubc14%5Cub2c8%22%2C%20%22cover_image%22%3A%20%22https%3A%2F%2Fd3ha2047wt6x28.cloudfront.net%2FFW9Wd06NFhc%2Fpr%3AGOODS_DETAIL%2FczM6Ly9hYmx5LWltYWdlLWxlZ2FjeS9kYXRhL2dvb2RzL2QwMWVjYjI2ZjBiZWNhNTI1MDY3ZTg1MTNkODNkM2UyLmdpZg%22%2C%20%22market_image%22%3A%20null%2C%20%22discount_rate%22%3A%2033%2C%20%22original_price%22%3A%2059800%2C%20%22price%22%3A%2039800%7D,헤라 블랙쿠션,,,,Ably,
[직잭픽] 헤라 블랙 쿠션 파운데이션 00P1 15g,E,,41600,Zigzag,https://store.zigzag.kr/app/catalog/products/147276918?browsing_type=NATIVE_BROWSER,헤라 블랙쿠션,,https://cf.product-image.s.zigzag.kr/original/d/2025/9/9/14164_202509091338330337_66007.jpeg,0,Zigzag,헤라
[직잭픽] 블랙 쿠션 파운데이션 듀오 SPF34/PA++ 15gx2 (본품15g+리필15g),F,,59200,Zigzag,https://store.zigzag.kr/app/catalog/products/110913769?browsing_type=NATIVE_BROWSER,헤라 블랙쿠션,,https://cf.product-image.s.zigzag.kr/original/d/2025/6/2/14164_202506020855530266_41439.jpeg?width=720&height=720&quality=80&format=jpeg,0,Zigzag,헤라
헤라 블랙 쿠션 파운데이션 15g (리필),B,,30400,Zigzag,https://store.zigzag.kr/app/catalog/products/110916492?browsing_type=NATIVE_BROWSER,헤라 블랙쿠션,,https://cf.product-image.s.zigzag.kr/original/d/2025/10/28/14164_202510281019380176_38581.jpeg?width=720&height=720&quality=80&format=jpeg,0,Zigzag,헤라
[리필듀오] 헤라 블랙 쿠션 파운데이션 (R) 15g * 2,L,,60800,Zigzag,https://store.zigzag.kr/app/catalog/products/160494865?browsing_type=NATIVE_BROWSER,헤라 블랙쿠션,,https://cf.product-image.s.zigzag.kr/original/d/2025/10/28/14164_202510281021440853_64471.jpeg,0,Zigzag,헤라
[홀리데이] 헤라 블랙쿠션 리필 & 쿠션 케이스 + 특별증정,M,,50400,Zigzag,https://store.zigzag.kr/app/catalog/products/166477689?browsing_type=NATIVE_BROWSER,헤라 블랙쿠션,,https://cf.product-image.s.zigzag.kr/original/d/2025/10/30/14164_202510301418290085_33717.jpeg,0,Zigzag,헤라
블랙 쿠션 리필 15g + 홀리데이 쿠션 케이스(메탈릭 레더),N,헤라,59220,Musinsa,https://www.musinsa.com/products/5619064,헤라 블랙쿠션,,,,musinsa,
블랙 쿠션 파운데이션 듀오 SPF34/PA++ 15gx2 (본품15g+리필15g),F,헤라,69560,Musinsa,https://www.musinsa.com/products/1867509,헤라 블랙쿠션,,,,musinsa,
블랙 쿠션 파운데이션 15g(R) x2,L,헤라,71440,Musinsa,https://www.musinsa.com/products/4908841,헤라 블랙쿠션,,,,musinsa,
블랙쿠션 리필 15g (옵션),B,헤라,35720,Musinsa,https://www.musinsa.com/products/1867543,헤라 블랙쿠션,,,,musinsa,
블랙 쿠션 파운데이션 00P1 15g,B,헤라,48880,Musinsa,https://www.musinsa.com/products/4387249,헤라 블랙쿠션,,,,musinsa,
블랙 쿠션 파운데이션 퍼프 2EA,C,헤라,7050,Musinsa,https://www.musinsa.com/products/3962330,헤라 블랙쿠션,,,,musinsa,
에어리 파우더 프라이머 8.5G + [사은품증정],O,헤라,56400,Musinsa,https://www.musinsa.com/products/1788202,헤라 블랙쿠션,,,,musinsa,
[OY단독컬러/NEW 홀리데이] 헤라 센슈얼 누드 글로스 ,P,헤라,36000,OliveYoung,https://www.oliveyoung.co.kr/store/goods/getGoodsDetail.do?goodsNo=A000000177984&dispCatNo=1000001000200060002&trackingCd=Result_1,헤라 센슈얼 누드 글로스,A000000177984,,,,
[각인/선물패키지] 헤라 센슈얼 누드 글로스,P,헤라,36000,OliveYoung,https://www.oliveyoung.co.kr/store/goods/getGoodsDetail.do?goodsNo=B000000234129&dispCatNo=1000001000200060002&trackingCd=Result_1,헤라 센슈얼 누드 글로스,B000000234129,,,,
✨누드립 근본템✨ 센슈얼 누드 글로스 5g,P,아모레퍼시픽,34800,Ably,https://m.a-bly.com/goods/5488132?list_id=AblyListId.SEARCH_GOODS_RECOMMEND&ad=%7B%22list_id%22%3A%20%22search_recommend%22%2C%20%22campaign_id%22%3A%20%22189160%22%2C%20%22parameters%22%3A%20%22%7B%5C%22generated_at%5C%22%3A%20%5C%222025-11-16%2016%3A53%3A13%5C%22%2C%20%5C%22market_sno%5C%22%3A%2016757%2C%20%5C%22ad_market_sno%5C%22%3A%2010028%2C%20%5C%22search_keyword%5C%22%3A%20%5C%22%5C%5Cud5e4%5C%5Cub77c%20%5C%5Cuc13c%5C%5Cuc288%5C%5Cuc5bc%20%5C%5Cub204%5C%5Cub4dc%20%5C%5Cuae00%5C%5Cub85c%5C%5Cuc2a4%5C%22%2C%20%5C%22ei%5C%22%3A%20%5C%22L%2BJqNaJjjAcen7xuvnGDrvntLzp9Q8UHb75Exb8jkhcSVkvbPCsX3wzhrUoqkc8tyFpLJwbHAAZYOPlpxedpl%2BgeUjkEqbK9SRYgk9t21pdIOKzONTegH6zW16SfjiNEDxiW7funhloLbhsQZERU%2FHAxolcWYBRXtd5QIlOElBRc2GkOqx5AR0P8U0k8hg3vXOBRPcLHQj%2BzLkWw8U0F6qdV1mgi86I%2FNy4Mwlt6Feztwi22pvjWBOU%2BfokAR1FsnVZk%2BC%2B52JspNo3NzkZZVD8azk2hFpqzG7kX%2FrHXtVM%3D%5C%22%2C%20%5C%22list_index%5C%22%3A%200%7D%22%2C%20%22goods_sno%22%3A%205488132%7D&logging_analytics=%7B%22FROM%22%3A%20%22SEARCH_RESULT%22%2C%20%22SEARCH_KEYWORD%22%3A%20%22%5Cud5e4%5Cub77c%20%5Cuc13c%5Cuc288%5Cuc5bc%20%5Cub204%5Cub4dc%20%5Cuae00%5Cub85c%5Cuc2a4%22%7D&first_page_rendering=%7B%22goods_name%22%3A%20%22%5Cu2728%5Cub204%5Cub4dc%5Cub9bd%20%5Cuadfc%5Cubcf8%5Cud15c%5Cu2728%20%5Cuc13c%5Cuc288%5Cuc5bc%20%5Cub204%5Cub4dc%20%5Cuae00%5Cub85c%5Cuc2a4%205g%22%2C%20%22market_name%22%3A%20%22%5Cud5e4%5Cub77c%22%2C%20%22cover_image%22%3A%20%22https%3A%2F%2Fd3ha2047wt6x28.cloudfront.net%2F-SnSikGaMFQ%2Fpr%3AGOODS_DETAIL%2FczM6Ly9hYmx5LWltYWdlLWxlZ2FjeS9kYXRhL2dvb2RzLzIwMjUxMDI4XzE3NjE2MTU3MjYzNDc5MzRtLmpwZw%22%2C%20%22market_image%22%3A%20null%2C%20%22discount_rate%22%3A%2013%2C%20%22original_price%22%3A%2040000%2C%20%22price%22%3A%2034800%7D,헤라 센슈얼 누드 글로스,,,,Ably,
센슈얼 누드 글로스 홀리데이,Q,아모레퍼시픽,34800,Ably,https://m.a-bly.com/goods/54814256?list_id=AblyListId.SEARCH_GOODS_RECOMMEND&logging_analytics=%7B%22FROM%22%3A%20%22SEARCH_RESULT%22%2C%20%22SEARCH_KEYWORD%22%3A%20%22%5Cud5e4%5Cub77c%20%5Cuc13c%5Cuc288%5Cuc5bc%20%5Cub204%5Cub4dc%20%5Cuae00%5Cub85c%5Cuc2a4%22%7D&first_page_rendering=%7B%22goods_name%22%3A%20%22%5Cuc13c%5Cuc288%5Cuc5bc%20%5Cub204%5Cub4dc%20%5Cuae00%5Cub85c%5Cuc2a4%20%5Cud640%5Cub9ac%5Cub370%5Cuc774%22%2C%20%22market_name%22%3A%20%22%5Cud5e4%5Cub77c%22%2C%20%22cover_image%22%3A%20%22https%3A%2F%2Fd3ha2047wt6x28.cloudfront.net%2F_Ge40pERkgY%2Fpr%3AGOODS_DETAIL%2FczM6Ly9hYmx5LWltYWdlLWxlZ2FjeS9kYXRhL2dvb2RzLzIwMjUxMDI4XzE3NjE2MzU3OTUwMzM2MDZtLmpwZw%22%2C%20%22market_image%22%3A%20null%2C%20%22discount_rate%22%3A%2013%2C%20%22original_price%22%3A%2040000%2C%20%22price%22%3A%2034800%7D,헤라 센슈얼 누드 글로스,,,,Ably,
헤라 센슈얼 누드 글로스 5g ,P,,32000,Zigzag,https://store.zigzag.kr/app/catalog/products/118848864?browsing_type=NATIVE_BROWSER,헤라 센슈얼 누드 글로스,,https://cf.product-image.s.zigzag.kr/original/d/2025/10/28/14164_202510281006470484_37802.jpeg?width=720&height=720&quality=80&format=jpeg,0,Zigzag,헤라
[듀오+3종증정] 헤라 센슈얼 누드글로스 5g * 2개 ,T,,64000,Zigzag,https://store.zigzag.kr/app/catalog/products/160494918?browsing_type=NATIVE_BROWSER,헤라 센슈얼 누드 글로스,,https://cf.product-image.s.zigzag.kr/original/d/2025/9/2/14164_202509021649570702_27021.jpeg,0,Zigzag,헤라
[홀리데이] 헤라 센슈얼 누드 글로스 5g + 특별증정,Q,,32000,Zigzag,https://store.zigzag.kr/app/catalog/products/166478040?browsing_type=NATIVE_BROWSER,헤라 센슈얼 누드 글로스,,https://cf.product-image.s.zigzag.kr/original/d/2025/10/30/14164_202510301423410900_15358.jpeg,0,Zigzag,헤라
[직잭픽] NEW 헤라 센슈얼 파우더 매트 립스틱 3g ,V,,36000,Zigzag,https://store.zigzag.kr/app/catalog/products/115497438?browsing_type=NATIVE_BROWSER,헤라 센슈얼 누드 글로스,,https://cf.product-image.s.zigzag.kr/original/d/2025/10/28/14164_202510281011460341_40774.jpeg,0,Zigzag,헤라
[직잭픽] 헤라 센슈얼 누드밤 3.5g,W,,32000,Zigzag,https://store.zigzag.kr/app/catalog/products/118848808?browsing_type=NATIVE_BROWSER,헤라 센슈얼 누드 글로스,,https://cf.product-image.s.zigzag.kr/original/d/2025/10/28/14164_202510281004340409_79328.jpeg,0,Zigzag,헤라
[직잭픽] NEW 헤라 센슈얼 파우더 매트 리퀴드 5g,X,,36000,Zigzag,https://store.zigzag.kr/app/catalog/products/110939996?browsing_type=NATIVE_BROWSER,헤라 센슈얼 누드 글로스,,https://cf.product-image.s.zigzag.kr/original/d/2025/10/28/14164_202510281009010289_84017.jpeg,0,Zigzag,헤라
 헤라 센슈얼 틴티드 샤인 스틱 3.5g,R,,36000,Zigzag,https://store.zigzag.kr/app/catalog/products/158713459?browsing_type=NATIVE_BROWSER,헤라 센슈얼 누드 글로스,,https://cf.product-image.s.zigzag.kr/original/d/2025/10/28/14164_202510281017100308_77213.jpeg,0,Zigzag,헤라
[직잭픽] 헤라 NEW센슈얼 립앤치크,S,,36000,Zigzag,https://store.zigzag.kr/app/catalog/products/141806189?browsing_type=NATIVE_BROWSER,헤라 센슈얼 누드 글로스,,https://cf.product-image.s.zigzag.kr/original/d/2025/10/28/14164_202510281026070355_57023.jpeg,0,Zigzag,헤라
센슈얼 누드 글로스 5g,P,헤라,37600,Musinsa,https://www.musinsa.com/products/5653658,헤라 센슈얼 누드 글로스,,,,musinsa,
센슈얼 누드 글로스 5g,P,헤라,37600,Musinsa,https://www.musinsa.com/products/2996848,헤라 센슈얼 누드 글로스,,,,musinsa,
[NEW/리뉴얼] 헤라 센슈얼 파우더 매트 리퀴드 5g ,X,헤라,40500,OliveYoung,https://www.oliveyoung.co.kr/store/goods/getGoodsDetail.do?goodsNo=A000000202425&dispCatNo=1000001000200060002&trackingCd=Result_1,헤라 센슈얼 파우더매트 리퀴드,A000000202425,,,,
센슈얼 파우더 매트 리퀴드 5g (옵션),X,아모레퍼시픽,38700,Ably,https://m.a-bly.com/goods/4096413?list_id=AblyListId.SEARCH_GOODS_RECOMMEND&ad=%7B%22list_id%22%3A%20%22search_recommend%22%2C%20%22campaign_id%22%3A%20%22189160%22%2C%20%22parameters%22%3A%20%22%7B%5C%22generated_at%5C%22%3A%20%5C%222025-11-16%2016%3A53%3A21%5C%22%2C%20%5C%22market_sno%5C%22%3A%2016757%2C%20%5C%22ad_market_sno%5C%22%3A%2010028%2C%20%5C%22search_keyword%5C%22%3A%20%5C%22%5C%5Cud5e4%5C%5Cub77c%20%5C%5Cuc13c%5C%5Cuc288%5C%5Cuc5bc%20%5C%5Cud30c%5C%5Cuc6b0%5C%5Cub354%5C%5Cub9e4%5C%5Cud2b8%20%5C%5Cub9ac%5C%5Cud034%5C%5Cub4dc%5C%22%2C%20%5C%22ei%5C%22%3A%20%5C%22L%2BJqNaJjjAcen7xuvnGDrseEN4wUv%2FqxfRL%2BR7z54Bo5xdOEyswEbcIG0Jo8rg5wH%2FUg8xpplm4ksBSIvwhiPzEDYRvc7WmkNy0RDhOj98NzbgnQj600cYjr8wp2fvLj4Qb1Gp1SzdoszJcmegOq5QvMDg6G06an%2Fa3dIMxS%2BByHw%2BG6sKV0z9u0NWMjF0tKoSy2E2aVlLpkRYkUQXZYCn1yoyFOLlmiVpR%2FeKBz%2BDWpagIOntnYnXgkbqOhyZA8jMV30LPIad%2Fz6k1HuHzCFgHGB52e3LtKIX%2BjT3VZbwI%3D%5C%22%2C%20%5C%22list_index%5C%22%3A%200%7D%22%2C%20%22goods_sno%22%3A%204096413%7D&logging_analytics=%7B%22FROM%22%3A%20%22SEARCH_RESULT%22%2C%20%22SEARCH_KEYWORD%22%3A%20%22%5Cud5e4%5Cub77c%20%5Cuc13c%5Cuc288%5Cuc5bc%20%5Cud30c%5Cuc6b0%5Cub354%5Cub9e4%5Cud2b8%20%5Cub9ac%5Cud034%5Cub4dc%22%7D&first_page_rendering=%7B%22goods_name%22%3A%20%22%5Cuc13c%5Cuc288%5Cuc5bc%20%5Cud30c%5Cuc6b0%5Cub354%20%5Cub9e4%5Cud2b8%20%5Cub9ac%5Cud034%5Cub4dc%205g%20%28%5Cuc635%5Cuc158%29%22%2C%20%22market_name%22%3A%20%22%5Cud5e4%5Cub77c%22%2C%20%22cover_image%22%3A%20%22https%3A%2F%2Fd3ha2047wt6x28.cloudfront.net%2FMPtbhNdwFLk%2Fpr%3AGOODS_DETAIL%2FczM6Ly9hYmx5LWltYWdlLWxlZ2FjeS9kYXRhL2dvb2RzLzIwMjMwMjIwXzE2NzY4ODA1OTM5NTkxODNtLmpwZw%22%2C%20%22market_image%22%3A%20null%2C%20%22discount_rate%22%3A%2014%2C%20%22original_price%22%3A%2045000%2C%20%22price%22%3A%2038700%7D,헤라 센슈얼 파우더매트 리퀴드,,,,Ably,
[직잭픽] NEW 헤라 센슈얼 파우더 매트 리퀴드 5g,X,,36000,Zigzag,https://store.zigzag.kr/app/catalog/products/110939996?browsing_type=NATIVE_BROWSER,헤라 센슈얼 파우더매트 리퀴드,,https://cf.product-image.s.zigzag.kr/original/d/2025/10/28/14164_202510281009010289_84017.jpeg,0,Zigzag,헤라
헤라 센슈얼 누드 글로스 5g ,P,,32000,Zigzag,https://store.zigzag.kr/app/catalog/products/118848864?browsing_type=NATIVE_BROWSER,헤라 센슈얼 파우더매트 리퀴드,,https://cf.product-image.s.zigzag.kr/original/d/2025/10/28/14164_202510281006470484_37802.jpeg?width=720&height=720&quality=80&format=jpeg,0,Zigzag,헤라
[듀오+3종증정] 헤라 센슈얼 누드글로스 5g * 2개 ,T,,64000,Zigzag,https://store.zigzag.kr/app/catalog/products/160494918?browsing_type=NATIVE_BROWSER,헤라 센슈얼 파우더매트 리퀴드,,https://cf.product-image.s.zigzag.kr/original/d/2025/9/2/14164_202509021649570702_27021.jpeg,0,Zigzag,헤라
[직잭픽] NEW 헤라 센슈얼 파우더 매트 립스틱 3g ,V,,36000,Zigzag,https://store.zigzag.kr/app/catalog/products/115497438?browsing_type=NATIVE_BROWSER,헤라 센슈얼 파우더매트 리퀴드,,https://cf.product-image.s.zigzag.kr/original/d/2025/10/28/14164_202510281011460341_40774.jpeg,0,Zigzag,헤라
[직잭픽] 헤라 센슈얼 누드밤 3.5g,W,,32000,Zigzag,https://store.zigzag.kr/app/catalog/products/118848808?browsing_type=NATIVE_BROWSER,헤라 센슈얼 파우더매트 리퀴드,,https://cf.product-image.s.zigzag.kr/original/d/2025/10/28/14164_202510281004340409_79328.jpeg,0,Zigzag,헤라
 헤라 센슈얼 틴티드 샤인 스틱 3.5g,R,,36000,Zigzag,https://store.zigzag.kr/app/catalog/products/158713459?browsing_type=NATIVE_BROWSER,헤라 센슈얼 파우더매트 리퀴드,,https://cf.product-image.s.zigzag.kr/original/d/2025/10/28/14164_202510281017100308_77213.jpeg,0,Zigzag,헤라
[직잭픽] 헤라 NEW센슈얼 립앤치크,S,,36000,Zigzag,https://store.zigzag.kr/app/catalog/products/141806189?browsing_type=NATIVE_BROWSER,헤라 센슈얼 파우더매트 리퀴드,,https://cf.product-image.s.zigzag.kr/original/d/2025/10/28/14164_202510281026070355_57023.jpeg,0,Zigzag,헤라
센슈얼 파우더 매트 리퀴드 5g (옵션),X,헤라,42300,Musinsa,https://www.musinsa.com/products/3093059,헤라 센슈얼 파우더매트 리퀴드,,,,musinsa,
라네즈 워터뱅크 블루 히알루로닉 크림 50ml (옵션),U,,30240,Zigzag,https://store.zigzag.kr/app/catalog/products/111329070?browsing_type=NATIVE_BROWSER,라네즈 워터뱅크 하이드로 크림,,https://cf.product-image.s.zigzag.kr/original/d/2025/7/9/14164_202507091403170090_31790.jpeg,0,Zigzag,라네즈
라네즈 워터뱅크 블루 히알루로닉 크림 리필 50ml (옵션),U0,,25340,Zigzag,https://store.zigzag.kr/app/catalog/products/133198320?browsing_type=NATIVE_BROWSER,라네즈 워터뱅크 하이드로 크림,,https://cf.product-image.s.zigzag.kr/original/d/2025/7/9/14164_202507091412020695_21124.jpeg,0,Zigzag,라네즈
 라네즈 워터뱅크 블루 히알루로닉 크림 소용량 20ml (옵션),U1,,16560,Zigzag,https://store.zigzag.kr/app/catalog/products/133198498?browsing_type=NATIVE_BROWSER,라네즈 워터뱅크 하이드로 크림,,https://cf.product-image.s.zigzag.kr/original/d/2025/7/9/14164_202507091416340179_44316.jpeg,0,Zigzag,라네즈
라네즈 워터뱅크 블루히알루로닉 클렌징폼 150g,U2,,20000,Zigzag,https://store.zigzag.kr/app/catalog/products/111328963?browsing_type=NATIVE_BROWSER,라네즈 워터뱅크 하이드로 크림,,https://cf.product-image.s.zigzag.kr/original/d/2025/7/8/14164_202507081231090364_86460.jpeg,0,Zigzag,라네즈
라네즈 워터뱅크 블루 히알루로닉 에멀젼 120ml,U3,,25340,Zigzag,https://store.zigzag.kr/app/catalog/products/111328822?browsing_type=NATIVE_BROWSER,라네즈 워터뱅크 하이드로 크림,,https://cf.product-image.s.zigzag.kr/original/d/2025/7/9/14164_202507091359400433_65363.jpeg,0,Zigzag,라네즈
라네즈 워터뱅크 UV 베리어 선크림 50ml,U4,,22400,Zigzag,https://store.zigzag.kr/app/catalog/products/163030072?browsing_type=NATIVE_BROWSER,라네즈 워터뱅크 하이드로 크림,,https://cf.product-image.s.zigzag.kr/original/d/2025/7/8/14164_202507081229420261_65586.jpeg,0,Zigzag,라네즈
라네즈 워터뱅크 블루히알루로닉 기초 2종 세트,U5,,55200,Zigzag,https://store.zigzag.kr/app/catalog/products/111329279?browsing_type=NATIVE_BROWSER,라네즈 워터뱅크 하이드로 크림,,https://cf.product-image.s.zigzag.kr/original/d/2025/10/10/14164_202510101649230290_21576.jpeg,0,Zigzag,라네즈
라네즈 워터뱅크 블루HA 세럼 50ML,U6,,31680,Zigzag,https://store.zigzag.kr/app/catalog/products/111326609?browsing_type=NATIVE_BROWSER,라네즈 워터뱅크 하이드로 크림,,https://cf.product-image.s.zigzag.kr/original/d/2025/7/9/14164_202507091400450919_74015.jpeg,0,Zigzag,라네즈
라네즈 워터뱅크 블루히알루로닉 아이크림 25ml,U7,,28160,Zigzag,https://store.zigzag.kr/app/catalog/products/111329009?browsing_type=NATIVE_BROWSER,라네즈 워터뱅크 하이드로 크림,,https://cf.product-image.s.zigzag.kr/original/d/2025/7/9/14164_202507091402020908_37492.jpeg,0,Zigzag,라네즈
[한정판] 배드블루 X 라네즈 워터뱅크 크림 50ml + 목도리 SET,U8,,57600,Zigzag,https://store.zigzag.kr/app/catalog/products/134291594?browsing_type=NATIVE_BROWSER,라네즈 워터뱅크 하이드로 크림,,https://cf.product-image.s.zigzag.kr/original/d/2024/4/29/14164_202404291644170974_21244.jpeg,0,Zigzag,라네즈
라네즈 워터뱅크 블루 HA 토너 160ml,U9,,23230,Zigzag,https://store.zigzag.kr/app/catalog/products/111328733?browsing_type=NATIVE_BROWSER,라네즈 워터뱅크 하이드로 크림,,https://cf.product-image.s.zigzag.kr/original/d/2025/11/12/14164_202511121029320479_23388.jpeg,0,Zigzag,라네즈
라네즈 워터뱅크 블루 히알루로닉 클렌징 오일 250ml,U10,,30400,Zigzag,https://store.zigzag.kr/app/catalog/products/112456732?browsing_type=NATIVE_BROWSER,라네즈 워터뱅크 하이드로 크림,,https://cf.product-image.s.zigzag.kr/original/d/2025/7/8/14164_202507081232280367_10129.jpeg,0,Zigzag,라네즈
라네즈 워터뱅크 블루히알루로닉 기초 2종 세트(지복합용),U5,,53600,Zigzag,https://store.zigzag.kr/app/catalog/products/111329136?browsing_type=NATIVE_BROWSER,라네즈 워터뱅크 하이드로 크림,,https://cf.product-image.s.zigzag.kr/original/d/2023/7/27/14164_202307270946060720_36701.jpeg,0,Zigzag,라네즈
[라네즈X깜자] 워터뱅크 UV베리어 선크림 50ml 한정세트,U4,,22400,Zigzag,https://store.zigzag.kr/app/catalog/products/163978350?browsing_type=NATIVE_BROWSER,라네즈 워터뱅크 하이드로 크림,,https://cf.product-image.s.zigzag.kr/original/d/2025/7/10/14164_202507101458270112_31691.jpeg,0,Zigzag,라네즈
[라네즈X깜자] 워터뱅크 젤크림 50ml 한정기획세트,U11,,29560,Zigzag,https://store.zigzag.kr/app/catalog/products/163978113?browsing_type=NATIVE_BROWSER,라네즈 워터뱅크 하이드로 크림,,https://cf.product-image.s.zigzag.kr/original/d/2025/7/10/14164_202507101453330080_27582.jpeg,0,Zigzag,라네즈
라네즈 워터뱅크 젠틀 젤 클렌저 250ml,U12,,19440,Zigzag,https://store.zigzag.kr/app/catalog/products/156230936?browsing_type=NATIVE_BROWSER,라네즈 워터뱅크 하이드로 크림,,https://cf.product-image.s.zigzag.kr/original/d/2025/11/12/14164_202511121027380930_25525.jpeg,0,Zigzag,라네즈
설화수 자음생 아이크림 15ml,Z0,,98800,Zigzag,https://store.zigzag.kr/app/catalog/products/145975603?browsing_type=NATIVE_BROWSER,설화수 자음생크림,,https://cf.product-image.s.zigzag.kr/original/d/2025/6/23/15355_202506230924180792_63049.jpeg,0,Zigzag,설화수
설화수 자음생크림 리치 50ml,Z1,,206500,Zigzag,https://store.zigzag.kr/app/catalog/products/145974596?browsing_type=NATIVE_BROWSER,설화수 자음생크림,,https://cf.product-image.s.zigzag.kr/original/d/2025/6/23/15355_202506230920160893_76676.jpeg,0,Zigzag,설화수
설화수 자음생크림 리치 기획세트,Z2,,206500,Zigzag,https://store.zigzag.kr/app/catalog/products/145973962?browsing_type=NATIVE_BROWSER,설화수 자음생크림,,https://cf.product-image.s.zigzag.kr/original/d/2025/10/15/15355_202510151544180834_44966.jpeg,0,Zigzag,설화수
설화수 자음생크림 리치 30ml,Z3,,127680,Zigzag,https://store.zigzag.kr/app/catalog/products/145974488?browsing_type=NATIVE_BROWSER,설화수 자음생크림,,https://cf.product-image.s.zigzag.kr/original/d/2025/6/23/15355_202506230919310321_55425.jpeg,0,Zigzag,설화수
설화수 자음생 아이크림 기획세트,Z4,,104000,Zigzag,https://store.zigzag.kr/app/catalog/products/157431623?browsing_type=NATIVE_BROWSER,설화수 자음생크림,,https://cf.product-image.s.zigzag.kr/original/d/2025/10/13/15355_202510130954050728_45738.jpeg,0,Zigzag,설화수
설화수 자음생크림 기획세트,Z5,,220000,Zigzag,https://store.zigzag.kr/app/catalog/products/145973702?browsing_type=NATIVE_BROWSER,설화수 자음생크림,,https://cf.product-image.s.zigzag.kr/original/d/2025/10/13/15355_202510130956110346_31044.jpeg,0,Zigzag,설화수
자음생 아이크림 15m,Z0,설화수,123500,Musinsa,https://www.musinsa.com/products/4328280,설화수 자음생크림,,,,musinsa,
자음생크림 단품세트 50ml,Z1,설화수,247050,Musinsa,https://www.musinsa.com/products/3685960,설화수 자음생크림,,,,musinsa,
자음생 아이크림 15ml 단품기획,Z0,설화수,123500,Musinsa,https://www.musinsa.com/products/4762286,설화수 자음생크림,,,,musinsa,
설화수 자음생크림 50ml,Z1,설화수,247050,Musinsa,https://www.musinsa.com/products/4598211,설화수 자음생크림,,,,musinsa,
자음생 크림 리치 50ml 단품세트,Z6,설화수,247050,Musinsa,https://www.musinsa.com/products/3685954,설화수 자음생크림,,,,musinsa,
자음생 크림 30ml,Z3,설화수,157080,Musinsa,https://www.musinsa.com/products/4328174,설화수 자음생크림,,,,musinsa,
자음생 크림 리치 50ml,Z1,설화수,247050,Musinsa,https://www.musinsa.com/products/4328203,설화수 자음생크림,,,,musinsa,
자음생 크림 리치 30ml,Z3,설화수,157080,Musinsa,https://www.musinsa.com/products/4328195,설화수 자음생크림,,,,musinsa,